seg1,res1,seg2,res2
NQRC,44,NQRC,168
NQRD,22,NQRD,205
NQRD,26,NQRE,115
NQRD,33,NQRD,104
NQRD,40,NQRD,100
NQRD,43,NQRD,97
NQRD,43,NQRD,104
NQRD,44,NQRD,101
NQRD,51,NQRD,86
NQRD,66,NQRD,70
NQRD,68,NQRE,92
NQRD,70,NQRE,92
NQRD,71,NQRD,123
NQRD,71,NQRE,92
NQRD,71,NQRE,95
NQRD,72,NQRE,91
NQRD,72,NQRE,114
NQRD,106,NQRE,123
NQRD,107,NQRE,23
NQRD,110,NQRE,119
NQRD,110,NQRE,120
NQRD,111,NQRE,118
NQRD,112,NQRE,115
NQRD,112,NQRE,118
NQRD,115,NQRE,114
NQRD,119,NQRE,114
NQRE,27,NQRE,112
NQRE,27,NQRE,115
NQRE,30,NQRE,112
NQRE,31,NQRE,109
NQRE,31,NQRE,115
NQRE,37,NQRE,108
NQRE,37,NQRE,112
NQRE,40,NQRE,109
NQRE,40,NQRE,112
NQRE,41,NQRE,109
NQRE,41,NQRE,112
NQRE,44,NQRE,109
NQRE,44,NQRE,116
NQRE,45,NQRE,116
NQRE,48,NQRE,116
NQRE,111,NQRF,91
NQRE,129,NQRE,133
